{
  "project_info": {
    "project_number": "187919319883",
    "firebase_url": "https://justin-sauthenticator.firebaseio.com",
    "project_id": "justin-sauthenticator",
    "storage_bucket": "justin-sauthenticator.appspot.com"
  },
  "client": [
    {
      "client_info": {
        "mobilesdk_app_id": "1:187919319883:android:5278174dfd5c7677535ece",
        "android_client_info": {
          "package_name": "com.example.myapplication"
        }
      },
      "oauth_client": [
        {
          "client_id": "187919319883-k9kplin0a8likecdm8pe02b6cgme7pu6.apps.googleusercontent.com",
          "client_type": 3
        }
      ],
      "api_key": [
        {
          "current_key": "AIzaSyAOfgRw4EfP29ouJRvu80vB4gf1d85iaeQ"
        }
      ],
      "services": {
        "appinvite_service": {
          "other_platform_oauth_client": [
            {
              "client_id": "187919319883-k9kplin0a8likecdm8pe02b6cgme7pu6.apps.googleusercontent.com",
              "client_type": 3
            }
          ]
        }
      }
    }
  ],
  "configuration_version": "1"
}